key,code,registrationTime,date,quantity,tax,link
invoice-1,IN-1842-7159,2023/06/15 08:30:00,2023/07/10 10:00:00,10,5.0,http://example.com/invoice/1
invoice-2,IN-2485-6402,2024/03/20 14:45:00,2024/05/05 12:30:00,15,6.0,http://example.com/invoice/2
invoice-3,IN-7632-9187,2023/11/05 09:20:00,2023/12/15 16:20:00,20,7.0,http://example.com/invoice/3
invoice-4,IN-9815-5024,2024/08/10 17:10:00,2024/10/20 09:45:00,12,6.0,http://example.com/invoice/4
invoice-5,IN-3729-1876,2023/04/25 11:55:00,2023/05/30 14:15:00,18,8.0,http://example.com/invoice/5
invoice-6,IN-5416-6249,2024/05/18 22:00:00,2024/07/01 18:00:00,25,10.0,http://example.com/invoice/6
invoice-7,IN-9063-3258,2023/09/30 18:20:00,2023/11/12 10:30:00,30,12.0,http://example.com/invoice/7
invoice-8,IN-1287-9405,2024/07/12 10:05:00,2024/09/05 15:20:00,22,9.0,http://example.com/invoice/8
invoice-9,IN-3092-5716,2023/02/14 16:40:00,2023/03/28 08:45:00,28,11.0,http://example.com/invoice/9
invoice-10,IN-6475-8061,2024/11/28 07:25:00,2025/01/15 12:00:00,16,8.0,http://example.com/invoice/10
invoice-11,IN-2140-7589,2023/08/08 13:50:00,2023/09/20 14:30:00,14,6.0,http://example.com/invoice/11
invoice-12,IN-9372-6920,2024/01/23 19:15:00,2024/03/07 09:00:00,20,7.0,http://example.com/invoice/12
invoice-13,IN-6819-3792,2023/10/02 06:30:00,2023/11/15 16:45:00,25,9.0,http://example.com/invoice/13
invoice-14,IN-8546-1290,2024/04/10 09:55:00,2024/05/25 14:20:00,18,8.0,http://example.com/invoice/14
invoice-15,IN-5218-9347,2023/03/15 14:00:00,2023/04/30 10:10:00,30,10.0,http://example.com/invoice/15
invoice-16,IN-2790-4673,2024/12/07 08:45:00,2025/01/25 12:30:00,22,7.0,http://example.com/invoice/16
invoice-17,IN-3764-8952,2023/07/20 10:25:00,2023/09/05 14:50:00,20,9.0,http://example.com/invoice/17
invoice-18,IN-6509-3194,2024/02/05 17:35:00,2024/03/20 09:15:00,28,11.0,http://example.com/invoice/18
invoice-19,IN-8042-2635,2023/11/29 20:50:00,2024/01/10 11:30:00,16,5.0,http://example.com/invoice/19
invoice-20,IN-4715-1028,2024/06/23 15:05:00,2024/08/05 17:40:00,18,6.0,http://example.com/invoice/20
