key,instantiationMoment,title,name,username,message,contactEmail,link
notice-1,2023/06/15 08:30:00,Title1,"Surname1, Name1",Username1,Message1,"email1@example.com",http://example.com/1
notice-2,2024/03/20 14:45:00,Title2,"Surname2, Name2",Username2,Message2,"email2@example.com",http://example.com/2
notice-3,2023/11/05 09:20:00,Title3,"Surname3, Name3",Username3,Message3,"email3@example.com",http://example.com/3
notice-4,2024/08/10 17:10:00,Title4,"Surname4, Name4",Username4,Message4,"email4@example.com",http://example.com/4
notice-5,2023/04/25 11:55:00,Title5,"Surname5, Name5",Username5,Message5,"email5@example.com",http://example.com/5
notice-6,2024/05/18 22:00:00,Title6,"Surname6, Name6",Username6,Message6,"email6@example.com",http://example.com/6
notice-7,2023/09/30 18:20:00,Title7,"Surname7, Name7",Username7,Message7,"email7@example.com",http://example.com/7
notice-8,2024/07/12 10:05:00,Title8,"Surname8, Name8",Username8,Message8,"email8@example.com",http://example.com/8
notice-9,2023/02/14 16:40:00,Title9,"Surname9, Name9",Username9,Message9,"email9@example.com",http://example.com/9
notice-10,2024/11/28 07:25:00,Title10,"Surname10, Name10",Username10,Message10,"email10@example.com",http://example.com/10
notice-11,2023/08/08 13:50:00,Title11,"Surname11, Name11",Username11,Message11,"email11@example.com",http://example.com/11
notice-12,2024/01/23 19:15:00,Title12,"Surname12, Name12",Username12,Message12,"email12@example.com",http://example.com/12
notice-13,2023/10/02 06:30:00,Title13,"Surname13, Name13",Username13,Message13,"email13@example.com",http://example.com/13
notice-14,2024/04/10 09:55:00,Title14,"Surname14, Name14",Username14,Message14,"email14@example.com",http://example.com/14
notice-15,2023/03/15 14:00:00,Title15,"Surname15, Name15",Username15,Message15,"email15@example.com",http://example.com/15
notice-16,2024/12/07 08:45:00,Title16,"Surname16, Name16",Username16,Message16,"email16@example.com",http://example.com/16
notice-17,2023/07/20 10:25:00,Title17,"Surname17, Name17",Username17,Message17,"email17@example.com",http://example.com/17
notice-18,2024/02/05 17:35:00,Title18,"Surname18, Name18",Username18,Message18,"email18@example.com",http://example.com/18
notice-19,2023/11/29 20:50:00,Title19,"Surname19, Name19",Username19,Message19,"email19@example.com",http://example.com/19
notice-20,2024/06/23 15:05:00,Title20,"Surname20, Name20",Username20,Message20,"email20@example.com",http://example.com/20
notice-21,2023/05/10 11:15:00,Title21,"Surname21, Name21",Username21,Message21,"email21@example.com",http://example.com/21
notice-22,2024/10/15 18:20:00,Title22,"Surname22, Name22",Username22,Message22,"email22@example.com",http://example.com/22
notice-23,2023/01/17 07:30:00,Title23,"Surname23, Name23",Username23,Message23,"email23@example.com",http://example.com/23
notice-24,2024/08/30 09:40:00,Title24,"Surname24, Name24",Username24,Message24,"email24@example.com",http://example.com/24
notice-25,2023/04/06 15:55:00,Title25,"Surname25, Name25",Username25,Message25,"email25@example.com",http://example.com/25
notice-26,2024/12/20 14:00:00,Title26,"Surname26, Name26",Username26,Message26,"email26@example.com",http://example.com/26
notice-27,2023/10/10 09:25:00,Title27,"Surname27, Name27",Username27,Message27,"email27@example.com",http://example.com/27
notice-28,2024/02/24 17:50:00,Title28,"Surname28, Name28",Username28,Message28,"email28@example.com",http://example.com/28
notice-29,2023/06/05 19:05:00,Title29,"Surname29, Name29",Username29,Message29,"email29@example.com",http://example.com/29
